[
  {"name": "China", "code": "CN", "capital": "Beijing", "continent": "Asia", "population": 1400000000, "area": 9596961, "gdp": 14343, "languages": ["Mandarin"], "currency": "Yuan"},
  {"name": "India", "code": "IN", "capital": "New Delhi", "continent": "Asia", "population": 1380000000, "area": 3287263, "gdp": 2875, "languages": ["Hindi", "English"], "currency": "Rupee"},
  {"name": "United States", "code": "US", "capital": "Washington D.C.", "continent": "North America", "population": 331000000, "area": 9833517, "gdp": 21433, "languages": ["English"], "currency": "Dollar"},
  {"name": "Indonesia", "code": "ID", "capital": "Jakarta", "continent": "Asia", "population": 273000000, "area": 1904569, "gdp": 1119, "languages": ["Indonesian"], "currency": "Rupiah"},
  {"name": "Pakistan", "code": "PK", "capital": "Islamabad", "continent": "Asia", "population": 220000000, "area": 881912, "gdp": 278, "languages": ["Urdu", "English"], "currency": "Rupee"},
  {"name": "Brazil", "code": "BR", "capital": "Brasília", "continent": "South America", "population": 212000000, "area": 8515767, "gdp": 1839, "languages": ["Portuguese"], "currency": "Real"},
  {"name": "Nigeria", "code": "NG", "capital": "Abuja", "continent": "Africa", "population": 206000000, "area": 923768, "gdp": 448, "languages": ["English"], "currency": "Naira"},
  {"name": "Bangladesh", "code": "BD", "capital": "Dhaka", "continent": "Asia", "population": 164000000, "area": 147570, "gdp": 302, "languages": ["Bengali"], "currency": "Taka"},
  {"name": "Russia", "code": "RU", "capital": "Moscow", "continent": "Europe", "population": 145000000, "area": 17098242, "gdp": 1699, "languages": ["Russian"], "currency": "Ruble"},
  {"name": "Mexico", "code": "MX", "capital": "Mexico City", "continent": "North America", "population": 128000000, "area": 1964375, "gdp": 1258, "languages": ["Spanish"], "currency": "Peso"},
  {"name": "Japan", "code": "JP", "capital": "Tokyo", "continent": "Asia", "population": 126000000, "area": 377975, "gdp": 5082, "languages": ["Japanese"], "currency": "Yen"},
  {"name": "Ethiopia", "code": "ET", "capital": "Addis Ababa", "continent": "Africa", "population": 115000000, "area": 1104300, "gdp": 96, "languages": ["Amharic"], "currency": "Birr"},
  {"name": "Philippines", "code": "PH", "capital": "Manila", "continent": "Asia", "population": 109000000, "area": 300000, "gdp": 377, "languages": ["Filipino", "English"], "currency": "Peso"},
  {"name": "Egypt", "code": "EG", "capital": "Cairo", "continent": "Africa", "population": 102000000, "area": 1002450, "gdp": 303, "languages": ["Arabic"], "currency": "Pound"},
  {"name": "Vietnam", "code": "VN", "capital": "Hanoi", "continent": "Asia", "population": 97000000, "area": 331212, "gdp": 262, "languages": ["Vietnamese"], "currency": "Dong"},
  {"name": "DR Congo", "code": "CD", "capital": "Kinshasa", "continent": "Africa", "population": 89000000, "area": 2344858, "gdp": 49, "languages": ["French"], "currency": "Franc"},
  {"name": "Turkey", "code": "TR", "capital": "Ankara", "continent": "Asia", "population": 84000000, "area": 783562, "gdp": 754, "languages": ["Turkish"], "currency": "Lira"},
  {"name": "Iran", "code": "IR", "capital": "Tehran", "continent": "Asia", "population": 83000000, "area": 1648195, "gdp": 458, "languages": ["Persian"], "currency": "Rial"},
  {"name": "Germany", "code": "DE", "capital": "Berlin", "continent": "Europe", "population": 83000000, "area": 357022, "gdp": 3861, "languages": ["German"], "currency": "Euro"},
  {"name": "Thailand", "code": "TH", "capital": "Bangkok", "continent": "Asia", "population": 70000000, "area": 513120, "gdp": 505, "languages": ["Thai"], "currency": "Baht"},
  {"name": "United Kingdom", "code": "GB", "capital": "London", "continent": "Europe", "population": 67000000, "area": 243610, "gdp": 2829, "languages": ["English"], "currency": "Pound"},
  {"name": "France", "code": "FR", "capital": "Paris", "continent": "Europe", "population": 65000000, "area": 551695, "gdp": 2716, "languages": ["French"], "currency": "Euro"},
  {"name": "Italy", "code": "IT", "capital": "Rome", "continent": "Europe", "population": 60000000, "area": 301340, "gdp": 2001, "languages": ["Italian"], "currency": "Euro"},
  {"name": "Tanzania", "code": "TZ", "capital": "Dodoma", "continent": "Africa", "population": 59000000, "area": 947303, "gdp": 63, "languages": ["Swahili", "English"], "currency": "Shilling"},
  {"name": "South Africa", "code": "ZA", "capital": "Pretoria", "continent": "Africa", "population": 59000000, "area": 1221037, "gdp": 351, "languages": ["Afrikaans", "English", "Zulu"], "currency": "Rand"},
  {"name": "Myanmar", "code": "MM", "capital": "Naypyidaw", "continent": "Asia", "population": 54000000, "area": 676578, "gdp": 76, "languages": ["Burmese"], "currency": "Kyat"},
  {"name": "Kenya", "code": "KE", "capital": "Nairobi", "continent": "Africa", "population": 53000000, "area": 580367, "gdp": 95, "languages": ["Swahili", "English"], "currency": "Shilling"},
  {"name": "South Korea", "code": "KR", "capital": "Seoul", "continent": "Asia", "population": 52000000, "area": 100210, "gdp": 1647, "languages": ["Korean"], "currency": "Won"},
  {"name": "Colombia", "code": "CO", "capital": "Bogotá", "continent": "South America", "population": 51000000, "area": 1141748, "gdp": 323, "languages": ["Spanish"], "currency": "Peso"},
  {"name": "Spain", "code": "ES", "capital": "Madrid", "continent": "Europe", "population": 47000000, "area": 505990, "gdp": 1394, "languages": ["Spanish"], "currency": "Euro"},
  {"name": "Uganda", "code": "UG", "capital": "Kampala", "continent": "Africa", "population": 46000000, "area": 241038, "gdp": 37, "languages": ["English", "Swahili"], "currency": "Shilling"},
  {"name": "Argentina", "code": "AR", "capital": "Buenos Aires", "continent": "South America", "population": 45000000, "area": 2780400, "gdp": 450, "languages": ["Spanish"], "currency": "Peso"},
  {"name": "Algeria", "code": "DZ", "capital": "Algiers", "continent": "Africa", "population": 43000000, "area": 2381741, "gdp": 170, "languages": ["Arabic", "Berber"], "currency": "Dinar"},
  {"name": "Sudan", "code": "SD", "capital": "Khartoum", "continent": "Africa", "population": 43000000, "area": 1886068, "gdp": 34, "languages": ["Arabic", "English"], "currency": "Pound"},
  {"name": "Ukraine", "code": "UA", "capital": "Kyiv", "continent": "Europe", "population": 44000000, "area": 603628, "gdp": 155, "languages": ["Ukrainian"], "currency": "Hryvnia"},
  {"name": "Iraq", "code": "IQ", "capital": "Baghdad", "continent": "Asia", "population": 40000000, "area": 438317, "gdp": 234, "languages": ["Arabic", "Kurdish"], "currency": "Dinar"},
  {"name": "Poland", "code": "PL", "capital": "Warsaw", "continent": "Europe", "population": 38000000, "area": 312696, "gdp": 595, "languages": ["Polish"], "currency": "Zloty"},
  {"name": "Canada", "code": "CA", "capital": "Ottawa", "continent": "North America", "population": 38000000, "area": 9984670, "gdp": 1736, "languages": ["English", "French"], "currency": "Dollar"},
  {"name": "Morocco", "code": "MA", "capital": "Rabat", "continent": "Africa", "population": 37000000, "area": 446550, "gdp": 119, "languages": ["Arabic", "Berber"], "currency": "Dirham"},
  {"name": "Saudi Arabia", "code": "SA", "capital": "Riyadh", "continent": "Asia", "population": 35000000, "area": 2149690, "gdp": 793, "languages": ["Arabic"], "currency": "Riyal"},
  {"name": "Uzbekistan", "code": "UZ", "capital": "Tashkent", "continent": "Asia", "population": 34000000, "area": 448978, "gdp": 57, "languages": ["Uzbek", "Russian"], "currency": "Som"},
  {"name": "Peru", "code": "PE", "capital": "Lima", "continent": "South America", "population": 33000000, "area": 1285216, "gdp": 226, "languages": ["Spanish", "Quechua"], "currency": "Sol"},
  {"name": "Angola", "code": "AO", "capital": "Luanda", "continent": "Africa", "population": 32000000, "area": 1246700, "gdp": 89, "languages": ["Portuguese"], "currency": "Kwanza"},
  {"name": "Malaysia", "code": "MY", "capital": "Kuala Lumpur", "continent": "Asia", "population": 32000000, "area": 330803, "gdp": 365, "languages": ["Malay", "English"], "currency": "Ringgit"},
  {"name": "Mozambique", "code": "MZ", "capital": "Maputo", "continent": "Africa", "population": 31000000, "area": 801590, "gdp": 15, "languages": ["Portuguese"], "currency": "Metical"},
  {"name": "Ghana", "code": "GH", "capital": "Accra", "continent": "Africa", "population": 31000000, "area": 238533, "gdp": 67, "languages": ["English"], "currency": "Cedi"},
  {"name": "Yemen", "code": "YE", "capital": "Sana'a", "continent": "Asia", "population": 30000000, "area": 527968, "gdp": 27, "languages": ["Arabic"], "currency": "Rial"},
  {"name": "Nepal", "code": "NP", "capital": "Kathmandu", "continent": "Asia", "population": 29000000, "area": 147516, "gdp": 34, "languages": ["Nepali"], "currency": "Rupee"},
  {"name": "Venezuela", "code": "VE", "capital": "Caracas", "continent": "South America", "population": 28000000, "area": 916445, "gdp": 48, "languages": ["Spanish"], "currency": "Bolívar"},
  {"name": "Madagascar", "code": "MG", "capital": "Antananarivo", "continent": "Africa", "population": 28000000, "area": 587041, "gdp": 14, "languages": ["Malagasy", "French"], "currency": "Ariary"},
  {"name": "Cameroon", "code": "CM", "capital": "Yaoundé", "continent": "Africa", "population": 27000000, "area": 475442, "gdp": 39, "languages": ["French", "English"], "currency": "Franc"},
  {"name": "Ivory Coast", "code": "CI", "capital": "Yamoussoukro", "continent": "Africa", "population": 26000000, "area": 322463, "gdp": 58, "languages": ["French"], "currency": "Franc"},
  {"name": "North Korea", "code": "KP", "capital": "Pyongyang", "continent": "Asia", "population": 26000000, "area": 120538, "gdp": 18, "languages": ["Korean"], "currency": "Won"},
  {"name": "Australia", "code": "AU", "capital": "Canberra", "continent": "Oceania", "population": 26000000, "area": 7692024, "gdp": 1393, "languages": ["English"], "currency": "Dollar"},
  {"name": "Taiwan", "code": "TW", "capital": "Taipei", "continent": "Asia", "population": 24000000, "area": 36193, "gdp": 611, "languages": ["Mandarin"], "currency": "Dollar"},
  {"name": "Niger", "code": "NE", "capital": "Niamey", "continent": "Africa", "population": 24000000, "area": 1267000, "gdp": 12, "languages": ["French"], "currency": "Franc"},
  {"name": "Sri Lanka", "code": "LK", "capital": "Colombo", "continent": "Asia", "population": 22000000, "area": 65610, "gdp": 84, "languages": ["Sinhala", "Tamil"], "currency": "Rupee"},
  {"name": "Burkina Faso", "code": "BF", "capital": "Ouagadougou", "continent": "Africa", "population": 21000000, "area": 272967, "gdp": 16, "languages": ["French"], "currency": "Franc"},
  {"name": "Mali", "code": "ML", "capital": "Bamako", "continent": "Africa", "population": 20000000, "area": 1240192, "gdp": 17, "languages": ["French"], "currency": "Franc"},
  {"name": "Romania", "code": "RO", "capital": "Bucharest", "continent": "Europe", "population": 19000000, "area": 238397, "gdp": 250, "languages": ["Romanian"], "currency": "Leu"},
  {"name": "Malawi", "code": "MW", "capital": "Lilongwe", "continent": "Africa", "population": 19000000, "area": 118484, "gdp": 7, "languages": ["English", "Chichewa"], "currency": "Kwacha"},
  {"name": "Chile", "code": "CL", "capital": "Santiago", "continent": "South America", "population": 19000000, "area": 756102, "gdp": 282, "languages": ["Spanish"], "currency": "Peso"},
  {"name": "Kazakhstan", "code": "KZ", "capital": "Nur-Sultan", "continent": "Asia", "population": 19000000, "area": 2724900, "gdp": 181, "languages": ["Kazakh", "Russian"], "currency": "Tenge"},
  {"name": "Zambia", "code": "ZM", "capital": "Lusaka", "continent": "Africa", "population": 18000000, "area": 752612, "gdp": 23, "languages": ["English"], "currency": "Kwacha"},
  {"name": "Guatemala", "code": "GT", "capital": "Guatemala City", "continent": "North America", "population": 18000000, "area": 108889, "gdp": 77, "languages": ["Spanish"], "currency": "Quetzal"},
  {"name": "Ecuador", "code": "EC", "capital": "Quito", "continent": "South America", "population": 18000000, "area": 276841, "gdp": 107, "languages": ["Spanish"], "currency": "Dollar"},
  {"name": "Syria", "code": "SY", "capital": "Damascus", "continent": "Asia", "population": 17000000, "area": 185180, "gdp": 40, "languages": ["Arabic"], "currency": "Pound"},
  {"name": "Netherlands", "code": "NL", "capital": "Amsterdam", "continent": "Europe", "population": 17000000, "area": 41850, "gdp": 913, "languages": ["Dutch"], "currency": "Euro"},
  {"name": "Senegal", "code": "SN", "capital": "Dakar", "continent": "Africa", "population": 17000000, "area": 196722, "gdp": 24, "languages": ["French"], "currency": "Franc"},
  {"name": "Cambodia", "code": "KH", "capital": "Phnom Penh", "continent": "Asia", "population": 17000000, "area": 181035, "gdp": 27, "languages": ["Khmer"], "currency": "Riel"},
  {"name": "Chad", "code": "TD", "capital": "N'Djamena", "continent": "Africa", "population": 16000000, "area": 1284000, "gdp": 11, "languages": ["French", "Arabic"], "currency": "Franc"},
  {"name": "Somalia", "code": "SO", "capital": "Mogadishu", "continent": "Africa", "population": 16000000, "area": 637657, "gdp": 5, "languages": ["Somali", "Arabic"], "currency": "Shilling"},
  {"name": "Zimbabwe", "code": "ZW", "capital": "Harare", "continent": "Africa", "population": 15000000, "area": 390757, "gdp": 21, "languages": ["English", "Shona"], "currency": "Dollar"},
  {"name": "Guinea", "code": "GN", "capital": "Conakry", "continent": "Africa", "population": 13000000, "area": 245857, "gdp": 13, "languages": ["French"], "currency": "Franc"},
  {"name": "Rwanda", "code": "RW", "capital": "Kigali", "continent": "Africa", "population": 13000000, "area": 26338, "gdp": 10, "languages": ["Kinyarwanda", "French", "English"], "currency": "Franc"},
  {"name": "Benin", "code": "BJ", "capital": "Porto-Novo", "continent": "Africa", "population": 12000000, "area": 114763, "gdp": 15, "languages": ["French"], "currency": "Franc"},
  {"name": "Burundi", "code": "BI", "capital": "Gitega", "continent": "Africa", "population": 12000000, "area": 27834, "gdp": 3, "languages": ["Kirundi", "French"], "currency": "Franc"},
  {"name": "Tunisia", "code": "TN", "capital": "Tunis", "continent": "Africa", "population": 12000000, "area": 163610, "gdp": 39, "languages": ["Arabic"], "currency": "Dinar"},
  {"name": "Bolivia", "code": "BO", "capital": "La Paz", "continent": "South America", "population": 12000000, "area": 1098581, "gdp": 40, "languages": ["Spanish", "Quechua", "Aymara"], "currency": "Boliviano"},
  {"name": "Belgium", "code": "BE", "capital": "Brussels", "continent": "Europe", "population": 12000000, "area": 30528, "gdp": 533, "languages": ["Dutch", "French", "German"], "currency": "Euro"},
  {"name": "Haiti", "code": "HT", "capital": "Port-au-Prince", "continent": "North America", "population": 11000000, "area": 27750, "gdp": 8, "languages": ["French", "Haitian Creole"], "currency": "Gourde"},
  {"name": "Cuba", "code": "CU", "capital": "Havana", "continent": "North America", "population": 11000000, "area": 109884, "gdp": 100, "languages": ["Spanish"], "currency": "Peso"},
  {"name": "South Sudan", "code": "SS", "capital": "Juba", "continent": "Africa", "population": 11000000, "area": 619745, "gdp": 3, "languages": ["English"], "currency": "Pound"},
  {"name": "Dominican Republic", "code": "DO", "capital": "Santo Domingo", "continent": "North America", "population": 11000000, "area": 48671, "gdp": 89, "languages": ["Spanish"], "currency": "Peso"},
  {"name": "Czech Republic", "code": "CZ", "capital": "Prague", "continent": "Europe", "population": 11000000, "area": 78871, "gdp": 251, "languages": ["Czech"], "currency": "Koruna"},
  {"name": "Greece", "code": "GR", "capital": "Athens", "continent": "Europe", "population": 11000000, "area": 131957, "gdp": 209, "languages": ["Greek"], "currency": "Euro"},
  {"name": "Jordan", "code": "JO", "capital": "Amman", "continent": "Asia", "population": 10000000, "area": 89342, "gdp": 44, "languages": ["Arabic"], "currency": "Dinar"},
  {"name": "Portugal", "code": "PT", "capital": "Lisbon", "continent": "Europe", "population": 10000000, "area": 92090, "gdp": 238, "languages": ["Portuguese"], "currency": "Euro"},
  {"name": "Azerbaijan", "code": "AZ", "capital": "Baku", "continent": "Asia", "population": 10000000, "area": 86600, "gdp": 48, "languages": ["Azerbaijani"], "currency": "Manat"},
  {"name": "Sweden", "code": "SE", "capital": "Stockholm", "continent": "Europe", "population": 10000000, "area": 450295, "gdp": 541, "languages": ["Swedish"], "currency": "Krona"},
  {"name": "Honduras", "code": "HN", "capital": "Tegucigalpa", "continent": "North America", "population": 10000000, "area": 112492, "gdp": 25, "languages": ["Spanish"], "currency": "Lempira"},
  {"name": "United Arab Emirates", "code": "AE", "capital": "Abu Dhabi", "continent": "Asia", "population": 10000000, "area": 83600, "gdp": 421, "languages": ["Arabic", "English"], "currency": "Dirham"},
  {"name": "Hungary", "code": "HU", "capital": "Budapest", "continent": "Europe", "population": 10000000, "area": 93028, "gdp": 163, "languages": ["Hungarian"], "currency": "Forint"},
  {"name": "Tajikistan", "code": "TJ", "capital": "Dushanbe", "continent": "Asia", "population": 9000000, "area": 143100, "gdp": 8, "languages": ["Tajik", "Russian"], "currency": "Somoni"},
  {"name": "Austria", "code": "AT", "capital": "Vienna", "continent": "Europe", "population": 9000000, "area": 83879, "gdp": 446, "languages": ["German"], "currency": "Euro"},
  {"name": "Papua New Guinea", "code": "PG", "capital": "Port Moresby", "continent": "Oceania", "population": 9000000, "area": 462840, "gdp": 24, "languages": ["English", "Tok Pisin"], "currency": "Kina"},
  {"name": "Serbia", "code": "RS", "capital": "Belgrade", "continent": "Europe", "population": 9000000, "area": 88361, "gdp": 51, "languages": ["Serbian"], "currency": "Dinar"},
  {"name": "Israel", "code": "IL", "capital": "Jerusalem", "continent": "Asia", "population": 9000000, "area": 22072, "gdp": 395, "languages": ["Hebrew", "Arabic"], "currency": "Shekel"},
  {"name": "Switzerland", "code": "CH", "capital": "Bern", "continent": "Europe", "population": 9000000, "area": 41285, "gdp": 752, "languages": ["German", "French", "Italian", "Romansh"], "currency": "Franc"},
  {"name": "Togo", "code": "TG", "capital": "Lomé", "continent": "Africa", "population": 8000000, "area": 56785, "gdp": 7, "languages": ["French"], "currency": "Franc"},
  {"name": "Sierra Leone", "code": "SL", "capital": "Freetown", "continent": "Africa", "population": 8000000, "area": 71740, "gdp": 4, "languages": ["English"], "currency": "Leone"}
]
